,SpecimenName,Aging Temp [Â°C],Aging Time [h],Creep Stress [MPa],Dataset,Position_Id,Image,ROIs,DiskRadiusValue [px],Threshold Method,Dilation Kernel Size [px],Date
0,190C_1000h_1,190.0,1000.0,0,https://metadata.omero.matolab.org/api/dataset/53,Stelle 10 DF 30s,https://metadata.omero.matolab.org/api/image/83,https://metadata.omero.matolab.org/api/rois/83,4,Otsu,3,2023-07-13T07:02:32.659536
1,190C_1000h_1,190.0,1000.0,0,https://metadata.omero.matolab.org/api/dataset/53,Stelle 11 DF 30s,https://metadata.omero.matolab.org/api/image/84,https://metadata.omero.matolab.org/api/rois/84,4,Otsu,3,2023-07-13T07:02:32.660533
2,190C_1000h_1,190.0,1000.0,0,https://metadata.omero.matolab.org/api/dataset/53,Stelle 12 DF 30s,https://metadata.omero.matolab.org/api/image/85,https://metadata.omero.matolab.org/api/rois/85,4,Otsu,3,2023-07-13T07:02:32.660533
3,190C_1000h_1,190.0,1000.0,0,https://metadata.omero.matolab.org/api/dataset/53,Stelle 1 DF 20s,https://metadata.omero.matolab.org/api/image/74,https://metadata.omero.matolab.org/api/rois/74,4,Otsu,3,2023-07-13T07:02:32.660533
4,190C_1000h_1,190.0,1000.0,0,https://metadata.omero.matolab.org/api/dataset/53,Stelle 2 DF 20s,https://metadata.omero.matolab.org/api/image/75,https://metadata.omero.matolab.org/api/rois/75,4,Otsu,3,2023-07-13T07:02:32.660533
5,190C_1000h_1,190.0,1000.0,0,https://metadata.omero.matolab.org/api/dataset/53,Stelle 3 DF 30s,https://metadata.omero.matolab.org/api/image/76,https://metadata.omero.matolab.org/api/rois/76,4,Otsu,3,2023-07-13T07:02:32.660533
6,190C_1000h_1,190.0,1000.0,0,https://metadata.omero.matolab.org/api/dataset/53,Stelle 4 DF 30s 2,https://metadata.omero.matolab.org/api/image/77,https://metadata.omero.matolab.org/api/rois/77,4,Otsu,3,2023-07-13T07:02:32.660533
7,190C_1000h_1,190.0,1000.0,0,https://metadata.omero.matolab.org/api/dataset/53,Stelle 5 DF 30s,https://metadata.omero.matolab.org/api/image/78,https://metadata.omero.matolab.org/api/rois/78,4,Otsu,3,2023-07-13T07:02:32.660533
8,190C_1000h_1,190.0,1000.0,0,https://metadata.omero.matolab.org/api/dataset/53,Stelle 6 DF 30s,https://metadata.omero.matolab.org/api/image/79,https://metadata.omero.matolab.org/api/rois/79,4,Otsu,3,2023-07-13T07:02:32.661531
9,190C_1000h_1,190.0,1000.0,0,https://metadata.omero.matolab.org/api/dataset/53,Stelle 7 DF 30s,https://metadata.omero.matolab.org/api/image/80,https://metadata.omero.matolab.org/api/rois/80,4,Otsu,3,2023-07-13T07:02:32.661531
10,190C_1000h_1,190.0,1000.0,0,https://metadata.omero.matolab.org/api/dataset/53,Stelle 8 DF 30s,https://metadata.omero.matolab.org/api/image/81,https://metadata.omero.matolab.org/api/rois/81,4,Otsu,3,2023-07-13T07:02:32.661531
11,190C_1000h_1,190.0,1000.0,0,https://metadata.omero.matolab.org/api/dataset/53,Stelle 9 DF 30s,https://metadata.omero.matolab.org/api/image/82,https://metadata.omero.matolab.org/api/rois/82,4,Otsu,3,2023-07-13T07:02:32.661531
12,190C_25000h_S1_1,190.0,25000.0,0,https://metadata.omero.matolab.org/api/dataset/58,Stelle10,https://metadata.omero.matolab.org/api/image/142,https://metadata.omero.matolab.org/api/rois/142,4,Otsu,3,2023-07-13T07:02:33.300820
13,190C_25000h_S1_1,190.0,25000.0,0,https://metadata.omero.matolab.org/api/dataset/58,Stelle11,https://metadata.omero.matolab.org/api/image/143,https://metadata.omero.matolab.org/api/rois/143,4,Otsu,3,2023-07-13T07:02:33.300820
14,190C_25000h_S1_1,190.0,25000.0,0,https://metadata.omero.matolab.org/api/dataset/58,Stelle1,https://metadata.omero.matolab.org/api/image/133,https://metadata.omero.matolab.org/api/rois/133,4,Otsu,3,2023-07-13T07:02:33.300820
15,190C_25000h_S1_1,190.0,25000.0,0,https://metadata.omero.matolab.org/api/dataset/58,Stelle2,https://metadata.omero.matolab.org/api/image/134,https://metadata.omero.matolab.org/api/rois/134,4,Otsu,3,2023-07-13T07:02:33.300820
16,190C_25000h_S1_1,190.0,25000.0,0,https://metadata.omero.matolab.org/api/dataset/58,Stelle3,https://metadata.omero.matolab.org/api/image/135,https://metadata.omero.matolab.org/api/rois/135,4,Otsu,3,2023-07-13T07:02:33.300820
17,190C_25000h_S1_1,190.0,25000.0,0,https://metadata.omero.matolab.org/api/dataset/58,Stelle4,https://metadata.omero.matolab.org/api/image/136,https://metadata.omero.matolab.org/api/rois/136,4,Otsu,3,2023-07-13T07:02:33.301818
18,190C_25000h_S1_1,190.0,25000.0,0,https://metadata.omero.matolab.org/api/dataset/58,Stelle5,https://metadata.omero.matolab.org/api/image/137,https://metadata.omero.matolab.org/api/rois/137,4,Otsu,3,2023-07-13T07:02:33.301818
19,190C_25000h_S1_1,190.0,25000.0,0,https://metadata.omero.matolab.org/api/dataset/58,Stelle6,https://metadata.omero.matolab.org/api/image/138,https://metadata.omero.matolab.org/api/rois/138,4,Otsu,3,2023-07-13T07:02:33.301818
20,190C_25000h_S1_1,190.0,25000.0,0,https://metadata.omero.matolab.org/api/dataset/58,Stelle7,https://metadata.omero.matolab.org/api/image/139,https://metadata.omero.matolab.org/api/rois/139,4,Otsu,3,2023-07-13T07:02:33.301818
21,190C_25000h_S1_1,190.0,25000.0,0,https://metadata.omero.matolab.org/api/dataset/58,Stelle8,https://metadata.omero.matolab.org/api/image/140,https://metadata.omero.matolab.org/api/rois/140,4,Otsu,3,2023-07-13T07:02:33.301818
22,190C_25000h_S1_1,190.0,25000.0,0,https://metadata.omero.matolab.org/api/dataset/58,Stelle9,https://metadata.omero.matolab.org/api/image/141,https://metadata.omero.matolab.org/api/rois/141,4,Otsu,3,2023-07-13T07:02:33.301818
23,190C_25000h_S2_2,190.0,25000.0,0,https://metadata.omero.matolab.org/api/dataset/59,Stelle10 DF 20s,https://metadata.omero.matolab.org/api/image/153,https://metadata.omero.matolab.org/api/rois/153,4,Otsu,3,2023-07-13T07:02:33.944100
24,190C_25000h_S2_2,190.0,25000.0,0,https://metadata.omero.matolab.org/api/dataset/59,Stelle1 DF 20s,https://metadata.omero.matolab.org/api/image/144,https://metadata.omero.matolab.org/api/rois/144,4,Otsu,3,2023-07-13T07:02:33.944100
25,190C_25000h_S2_2,190.0,25000.0,0,https://metadata.omero.matolab.org/api/dataset/59,Stelle2 DF 20s,https://metadata.omero.matolab.org/api/image/145,https://metadata.omero.matolab.org/api/rois/145,4,Otsu,3,2023-07-13T07:02:33.944100
26,190C_25000h_S2_2,190.0,25000.0,0,https://metadata.omero.matolab.org/api/dataset/59,Stelle3 DF 20s,https://metadata.omero.matolab.org/api/image/146,https://metadata.omero.matolab.org/api/rois/146,4,Otsu,3,2023-07-13T07:02:33.944100
27,190C_25000h_S2_2,190.0,25000.0,0,https://metadata.omero.matolab.org/api/dataset/59,Stelle4 DF 20s,https://metadata.omero.matolab.org/api/image/147,https://metadata.omero.matolab.org/api/rois/147,4,Otsu,3,2023-07-13T07:02:33.944100
28,190C_25000h_S2_2,190.0,25000.0,0,https://metadata.omero.matolab.org/api/dataset/59,Stelle5 DF 20s,https://metadata.omero.matolab.org/api/image/148,https://metadata.omero.matolab.org/api/rois/148,4,Otsu,3,2023-07-13T07:02:33.945098
29,190C_25000h_S2_2,190.0,25000.0,0,https://metadata.omero.matolab.org/api/dataset/59,Stelle6 DF 20s,https://metadata.omero.matolab.org/api/image/149,https://metadata.omero.matolab.org/api/rois/149,4,Otsu,3,2023-07-13T07:02:33.945098
30,190C_25000h_S2_2,190.0,25000.0,0,https://metadata.omero.matolab.org/api/dataset/59,Stelle7 DF 20s,https://metadata.omero.matolab.org/api/image/150,https://metadata.omero.matolab.org/api/rois/150,4,Otsu,3,2023-07-13T07:02:33.945098
31,190C_25000h_S2_2,190.0,25000.0,0,https://metadata.omero.matolab.org/api/dataset/59,Stelle8 DF 20s,https://metadata.omero.matolab.org/api/image/151,https://metadata.omero.matolab.org/api/rois/151,4,Otsu,3,2023-07-13T07:02:33.945098
32,190C_25000h_S2_2,190.0,25000.0,0,https://metadata.omero.matolab.org/api/dataset/59,Stelle9 DF 20s,https://metadata.omero.matolab.org/api/image/152,https://metadata.omero.matolab.org/api/rois/152,4,Otsu,3,2023-07-13T07:02:33.945098
33,190C_2500h_S1_1,190.0,2500.0,0,https://metadata.omero.matolab.org/api/dataset/54,Stelle1 DF 20s,https://metadata.omero.matolab.org/api/image/86,https://metadata.omero.matolab.org/api/rois/86,4,Otsu,3,2023-07-13T07:02:34.575412
34,190C_2500h_S1_1,190.0,2500.0,0,https://metadata.omero.matolab.org/api/dataset/54,Stelle2 DF 20s,https://metadata.omero.matolab.org/api/image/87,https://metadata.omero.matolab.org/api/rois/87,4,Otsu,3,2023-07-13T07:02:34.575412
35,190C_2500h_S1_1,190.0,2500.0,0,https://metadata.omero.matolab.org/api/dataset/54,Stelle3 DF 20s,https://metadata.omero.matolab.org/api/image/88,https://metadata.omero.matolab.org/api/rois/88,4,Otsu,3,2023-07-13T07:02:34.575412
36,190C_2500h_S1_1,190.0,2500.0,0,https://metadata.omero.matolab.org/api/dataset/54,Stelle4 DF 20s,https://metadata.omero.matolab.org/api/image/89,https://metadata.omero.matolab.org/api/rois/89,4,Otsu,3,2023-07-13T07:02:34.575412
37,190C_2500h_S1_1,190.0,2500.0,0,https://metadata.omero.matolab.org/api/dataset/54,Stelle5 DF 20s,https://metadata.omero.matolab.org/api/image/90,https://metadata.omero.matolab.org/api/rois/90,4,Otsu,3,2023-07-13T07:02:34.575412
38,190C_2500h_S2_2,190.0,2500.0,0,https://metadata.omero.matolab.org/api/dataset/55,Stelle10 DF 30s Spot 3 alpha 1 deltaE 15eV,https://metadata.omero.matolab.org/api/image/100,https://metadata.omero.matolab.org/api/rois/100,4,Otsu,3,2023-07-13T07:02:35.204729
39,190C_2500h_S2_2,190.0,2500.0,0,https://metadata.omero.matolab.org/api/dataset/55,Stelle11 DF 30s Spot 3 alpha 1 deltaE 15eV,https://metadata.omero.matolab.org/api/image/101,https://metadata.omero.matolab.org/api/rois/101,4,Otsu,3,2023-07-13T07:02:35.204729
40,190C_2500h_S2_2,190.0,2500.0,0,https://metadata.omero.matolab.org/api/dataset/55,Stelle12 DF 30s Spot 3 alpha 1 deltaE 15eV,https://metadata.omero.matolab.org/api/image/102,https://metadata.omero.matolab.org/api/rois/102,4,Otsu,3,2023-07-13T07:02:35.204729
41,190C_2500h_S2_2,190.0,2500.0,0,https://metadata.omero.matolab.org/api/dataset/55,Stelle1 DF 30s Spot 3 alpha 1 deltaE 15eV,https://metadata.omero.matolab.org/api/image/91,https://metadata.omero.matolab.org/api/rois/91,4,Otsu,3,2023-07-13T07:02:35.204729
42,190C_2500h_S2_2,190.0,2500.0,0,https://metadata.omero.matolab.org/api/dataset/55,Stelle2 DF 30s Spot 3 alpha 1 deltaE 15eV,https://metadata.omero.matolab.org/api/image/92,https://metadata.omero.matolab.org/api/rois/92,4,Otsu,3,2023-07-13T07:02:35.204729
43,190C_2500h_S2_2,190.0,2500.0,0,https://metadata.omero.matolab.org/api/dataset/55,Stelle3 DF 30s Spot 3 alpha 1 deltaE 15eV,https://metadata.omero.matolab.org/api/image/93,https://metadata.omero.matolab.org/api/rois/93,4,Otsu,3,2023-07-13T07:02:35.204729
44,190C_2500h_S2_2,190.0,2500.0,0,https://metadata.omero.matolab.org/api/dataset/55,Stelle4 DF 30s Spot 3 alpha 1 deltaE 15eV,https://metadata.omero.matolab.org/api/image/94,https://metadata.omero.matolab.org/api/rois/94,4,Otsu,3,2023-07-13T07:02:35.204729
45,190C_2500h_S2_2,190.0,2500.0,0,https://metadata.omero.matolab.org/api/dataset/55,Stelle5 DF 30s Spot 3 alpha 1 deltaE 15eVb,https://metadata.omero.matolab.org/api/image/95,https://metadata.omero.matolab.org/api/rois/95,4,Otsu,3,2023-07-13T07:02:35.205726
46,190C_2500h_S2_2,190.0,2500.0,0,https://metadata.omero.matolab.org/api/dataset/55,Stelle6 DF 30s Spot 3 alpha 1 deltaE 15eVb,https://metadata.omero.matolab.org/api/image/96,https://metadata.omero.matolab.org/api/rois/96,4,Otsu,3,2023-07-13T07:02:35.205726
47,190C_2500h_S2_2,190.0,2500.0,0,https://metadata.omero.matolab.org/api/dataset/55,Stelle7 DF 30s Spot 3 alpha 1 deltaE 15eVb,https://metadata.omero.matolab.org/api/image/97,https://metadata.omero.matolab.org/api/rois/97,4,Otsu,3,2023-07-13T07:02:35.205726
48,190C_2500h_S2_2,190.0,2500.0,0,https://metadata.omero.matolab.org/api/dataset/55,Stelle8 DF 30s Spot 3 alpha 1 deltaE 15eV,https://metadata.omero.matolab.org/api/image/98,https://metadata.omero.matolab.org/api/rois/98,4,Otsu,3,2023-07-13T07:02:35.205726
49,190C_2500h_S2_2,190.0,2500.0,0,https://metadata.omero.matolab.org/api/dataset/55,Stelle9 DF 30s Spot 3 alpha 1 deltaE 15eV,https://metadata.omero.matolab.org/api/image/99,https://metadata.omero.matolab.org/api/rois/99,4,Otsu,3,2023-07-13T07:02:35.205726
50,190C_250h_1,190.0,250.0,0,https://metadata.omero.matolab.org/api/dataset/52,Stelle10 DF 100 60 kx 10s,https://metadata.omero.matolab.org/api/image/72,https://metadata.omero.matolab.org/api/rois/72,4,Otsu,3,2023-07-13T07:02:35.836039
51,190C_250h_1,190.0,250.0,0,https://metadata.omero.matolab.org/api/dataset/52,Stelle11 DF 100 60 kx 10s,https://metadata.omero.matolab.org/api/image/73,https://metadata.omero.matolab.org/api/rois/73,4,Otsu,3,2023-07-13T07:02:35.836039
52,190C_250h_1,190.0,250.0,0,https://metadata.omero.matolab.org/api/dataset/52,Stelle1 DF 100 60 kx 10s,https://metadata.omero.matolab.org/api/image/63,https://metadata.omero.matolab.org/api/rois/63,4,Otsu,3,2023-07-13T07:02:35.837037
53,190C_250h_1,190.0,250.0,0,https://metadata.omero.matolab.org/api/dataset/52,Stelle2 DF 100 60 kx 10s,https://metadata.omero.matolab.org/api/image/64,https://metadata.omero.matolab.org/api/rois/64,4,Otsu,3,2023-07-13T07:02:35.837037
54,190C_250h_1,190.0,250.0,0,https://metadata.omero.matolab.org/api/dataset/52,Stelle3 DF 100 60 kx 10s,https://metadata.omero.matolab.org/api/image/65,https://metadata.omero.matolab.org/api/rois/65,4,Otsu,3,2023-07-13T07:02:35.837037
55,190C_250h_1,190.0,250.0,0,https://metadata.omero.matolab.org/api/dataset/52,Stelle4 DF 100 60 kx 10s,https://metadata.omero.matolab.org/api/image/66,https://metadata.omero.matolab.org/api/rois/66,4,Otsu,3,2023-07-13T07:02:35.837037
56,190C_250h_1,190.0,250.0,0,https://metadata.omero.matolab.org/api/dataset/52,Stelle5 DF 100 60 kx 10s,https://metadata.omero.matolab.org/api/image/67,https://metadata.omero.matolab.org/api/rois/67,4,Otsu,3,2023-07-13T07:02:35.837037
57,190C_250h_1,190.0,250.0,0,https://metadata.omero.matolab.org/api/dataset/52,Stelle6 DF 100 60 kx 10s,https://metadata.omero.matolab.org/api/image/68,https://metadata.omero.matolab.org/api/rois/68,4,Otsu,3,2023-07-13T07:02:35.838036
58,190C_250h_1,190.0,250.0,0,https://metadata.omero.matolab.org/api/dataset/52,Stelle7 DF 100 60 kx 10s,https://metadata.omero.matolab.org/api/image/69,https://metadata.omero.matolab.org/api/rois/69,4,Otsu,3,2023-07-13T07:02:35.838036
59,190C_250h_1,190.0,250.0,0,https://metadata.omero.matolab.org/api/dataset/52,Stelle8 DF 100 60 kx 10s,https://metadata.omero.matolab.org/api/image/70,https://metadata.omero.matolab.org/api/rois/70,4,Otsu,3,2023-07-13T07:02:35.838036
60,190C_250h_1,190.0,250.0,0,https://metadata.omero.matolab.org/api/dataset/52,Stelle9 DF 100 60 kx 10s,https://metadata.omero.matolab.org/api/image/71,https://metadata.omero.matolab.org/api/rois/71,4,Otsu,3,2023-07-13T07:02:35.838036
61,190C_5000h_S1_1,190.0,5000.0,0,https://metadata.omero.matolab.org/api/dataset/56,Stelle10 DF 20s,https://metadata.omero.matolab.org/api/image/112,https://metadata.omero.matolab.org/api/rois/112,4,Otsu,3,2023-07-13T07:02:36.477325
62,190C_5000h_S1_1,190.0,5000.0,0,https://metadata.omero.matolab.org/api/dataset/56,Stelle11 DF 20s,https://metadata.omero.matolab.org/api/image/113,https://metadata.omero.matolab.org/api/rois/113,4,Otsu,3,2023-07-13T07:02:36.478322
63,190C_5000h_S1_1,190.0,5000.0,0,https://metadata.omero.matolab.org/api/dataset/56,Stelle1 DF 20s,https://metadata.omero.matolab.org/api/image/103,https://metadata.omero.matolab.org/api/rois/103,4,Otsu,3,2023-07-13T07:02:36.478322
64,190C_5000h_S1_1,190.0,5000.0,0,https://metadata.omero.matolab.org/api/dataset/56,Stelle2 DF 20s,https://metadata.omero.matolab.org/api/image/104,https://metadata.omero.matolab.org/api/rois/104,4,Otsu,3,2023-07-13T07:02:36.478322
65,190C_5000h_S1_1,190.0,5000.0,0,https://metadata.omero.matolab.org/api/dataset/56,Stelle3 DF 20s,https://metadata.omero.matolab.org/api/image/105,https://metadata.omero.matolab.org/api/rois/105,4,Otsu,3,2023-07-13T07:02:36.478322
66,190C_5000h_S1_1,190.0,5000.0,0,https://metadata.omero.matolab.org/api/dataset/56,Stelle4 DF 20s,https://metadata.omero.matolab.org/api/image/106,https://metadata.omero.matolab.org/api/rois/106,4,Otsu,3,2023-07-13T07:02:36.478322
67,190C_5000h_S1_1,190.0,5000.0,0,https://metadata.omero.matolab.org/api/dataset/56,Stelle5 DF 20s,https://metadata.omero.matolab.org/api/image/107,https://metadata.omero.matolab.org/api/rois/107,4,Otsu,3,2023-07-13T07:02:36.478322
68,190C_5000h_S1_1,190.0,5000.0,0,https://metadata.omero.matolab.org/api/dataset/56,Stelle6 DF 20s,https://metadata.omero.matolab.org/api/image/108,https://metadata.omero.matolab.org/api/rois/108,4,Otsu,3,2023-07-13T07:02:36.478322
69,190C_5000h_S1_1,190.0,5000.0,0,https://metadata.omero.matolab.org/api/dataset/56,Stelle7 DF 20s,https://metadata.omero.matolab.org/api/image/111,https://metadata.omero.matolab.org/api/rois/111,4,Otsu,3,2023-07-13T07:02:36.478322
70,190C_5000h_S1_1,190.0,5000.0,0,https://metadata.omero.matolab.org/api/dataset/56,Stelle8 DF 20s,https://metadata.omero.matolab.org/api/image/109,https://metadata.omero.matolab.org/api/rois/109,4,Otsu,3,2023-07-13T07:02:36.478322
71,190C_5000h_S1_1,190.0,5000.0,0,https://metadata.omero.matolab.org/api/dataset/56,Stelle9 DF 20s,https://metadata.omero.matolab.org/api/image/110,https://metadata.omero.matolab.org/api/rois/110,4,Otsu,3,2023-07-13T07:02:36.479320
72,190C_5000h_S2_2,190.0,5000.0,0,https://metadata.omero.matolab.org/api/dataset/57,Stelle10,https://metadata.omero.matolab.org/api/image/132,https://metadata.omero.matolab.org/api/rois/132,4,Otsu,3,2023-07-13T07:02:37.118610
73,190C_5000h_S2_2,190.0,5000.0,0,https://metadata.omero.matolab.org/api/dataset/57,Stelle11,https://metadata.omero.matolab.org/api/image/128,https://metadata.omero.matolab.org/api/rois/128,4,Otsu,3,2023-07-13T07:02:37.118610
74,190C_5000h_S2_2,190.0,5000.0,0,https://metadata.omero.matolab.org/api/dataset/57,Stelle12,https://metadata.omero.matolab.org/api/image/129,https://metadata.omero.matolab.org/api/rois/129,4,Otsu,3,2023-07-13T07:02:37.118610
75,190C_5000h_S2_2,190.0,5000.0,0,https://metadata.omero.matolab.org/api/dataset/57,Stelle1,https://metadata.omero.matolab.org/api/image/119,https://metadata.omero.matolab.org/api/rois/119,4,Otsu,3,2023-07-13T07:02:37.118610
76,190C_5000h_S2_2,190.0,5000.0,0,https://metadata.omero.matolab.org/api/dataset/57,Stelle2,https://metadata.omero.matolab.org/api/image/120,https://metadata.omero.matolab.org/api/rois/120,4,Otsu,3,2023-07-13T07:02:37.118610
77,190C_5000h_S2_2,190.0,5000.0,0,https://metadata.omero.matolab.org/api/dataset/57,Stelle3,https://metadata.omero.matolab.org/api/image/121,https://metadata.omero.matolab.org/api/rois/121,4,Otsu,3,2023-07-13T07:02:37.118610
78,190C_5000h_S2_2,190.0,5000.0,0,https://metadata.omero.matolab.org/api/dataset/57,Stelle4,https://metadata.omero.matolab.org/api/image/122,https://metadata.omero.matolab.org/api/rois/122,4,Otsu,3,2023-07-13T07:02:37.118610
79,190C_5000h_S2_2,190.0,5000.0,0,https://metadata.omero.matolab.org/api/dataset/57,Stelle5,https://metadata.omero.matolab.org/api/image/123,https://metadata.omero.matolab.org/api/rois/123,4,Otsu,3,2023-07-13T07:02:37.118610
80,190C_5000h_S2_2,190.0,5000.0,0,https://metadata.omero.matolab.org/api/dataset/57,Stelle6,https://metadata.omero.matolab.org/api/image/124,https://metadata.omero.matolab.org/api/rois/124,4,Otsu,3,2023-07-13T07:02:37.118610
81,190C_5000h_S2_2,190.0,5000.0,0,https://metadata.omero.matolab.org/api/dataset/57,Stelle7,https://metadata.omero.matolab.org/api/image/125,https://metadata.omero.matolab.org/api/rois/125,4,Otsu,3,2023-07-13T07:02:37.118610
82,190C_5000h_S2_2,190.0,5000.0,0,https://metadata.omero.matolab.org/api/dataset/57,Stelle8,https://metadata.omero.matolab.org/api/image/126,https://metadata.omero.matolab.org/api/rois/126,4,Otsu,3,2023-07-13T07:02:37.118610
83,190C_5000h_S2_2,190.0,5000.0,0,https://metadata.omero.matolab.org/api/dataset/57,Stelle9,https://metadata.omero.matolab.org/api/image/127,https://metadata.omero.matolab.org/api/rois/127,4,Otsu,3,2023-07-13T07:02:37.118610
84,190C_8760h_s1_1,190.0,8760.0,0,https://metadata.omero.matolab.org/api/dataset/101,Stelle 1 DF 100 60 kx 30s,https://metadata.omero.matolab.org/api/image/256,https://metadata.omero.matolab.org/api/rois/256,4,Otsu,3,2023-07-13T07:02:37.710026
85,190C_8760h_s1_1,190.0,8760.0,0,https://metadata.omero.matolab.org/api/dataset/101,Stelle 2 DF 100 60 kx 30s,https://metadata.omero.matolab.org/api/image/257,https://metadata.omero.matolab.org/api/rois/257,4,Otsu,3,2023-07-13T07:02:37.710026
86,190C_8760h_s1_1,190.0,8760.0,0,https://metadata.omero.matolab.org/api/dataset/101,Stelle2 DF 100 60 kx 30s,https://metadata.omero.matolab.org/api/image/252,https://metadata.omero.matolab.org/api/rois/252,4,Otsu,3,2023-07-13T07:02:37.710026
87,190C_8760h_s1_1,190.0,8760.0,0,https://metadata.omero.matolab.org/api/dataset/101,Stelle 3 DF 100 60 kx 30s,https://metadata.omero.matolab.org/api/image/258,https://metadata.omero.matolab.org/api/rois/258,4,Otsu,3,2023-07-13T07:02:37.710026
88,190C_8760h_s1_1,190.0,8760.0,0,https://metadata.omero.matolab.org/api/dataset/101,Stelle3 DF 100 60 kx 60s,https://metadata.omero.matolab.org/api/image/253,https://metadata.omero.matolab.org/api/rois/253,4,Otsu,3,2023-07-13T07:02:37.710026
89,190C_8760h_s1_1,190.0,8760.0,0,https://metadata.omero.matolab.org/api/dataset/101,Stelle 4 DF 100 60 kx 30s,https://metadata.omero.matolab.org/api/image/259,https://metadata.omero.matolab.org/api/rois/259,4,Otsu,3,2023-07-13T07:02:37.711024
90,190C_8760h_s1_1,190.0,8760.0,0,https://metadata.omero.matolab.org/api/dataset/101,Stelle4 DF 100 60 kx 60s,https://metadata.omero.matolab.org/api/image/254,https://metadata.omero.matolab.org/api/rois/254,4,Otsu,3,2023-07-13T07:02:37.711024
91,190C_8760h_s1_1,190.0,8760.0,0,https://metadata.omero.matolab.org/api/dataset/101,Stelle 5 DF 100 60 kx 10s,https://metadata.omero.matolab.org/api/image/260,https://metadata.omero.matolab.org/api/rois/260,4,Otsu,3,2023-07-13T07:02:37.711024
92,190C_8760h_s1_1,190.0,8760.0,0,https://metadata.omero.matolab.org/api/dataset/101,Stelle5 DF 100 60 kx 60s,https://metadata.omero.matolab.org/api/image/255,https://metadata.omero.matolab.org/api/rois/255,4,Otsu,3,2023-07-13T07:02:37.711024
93,190C_8760h_s1_1,190.0,8760.0,0,https://metadata.omero.matolab.org/api/dataset/101,Stelle 6 DF 100 60 kx 30s,https://metadata.omero.matolab.org/api/image/261,https://metadata.omero.matolab.org/api/rois/261,4,Otsu,3,2023-07-13T07:02:37.711024
94,190C_8760h_s1_1,190.0,8760.0,0,https://metadata.omero.matolab.org/api/dataset/101,Stelle DF 100 60 kx 30s,https://metadata.omero.matolab.org/api/image/251,https://metadata.omero.matolab.org/api/rois/251,4,Otsu,3,2023-07-13T07:02:37.711024
95,190C_8760h_s2_2,190.0,8760.0,0,https://metadata.omero.matolab.org/api/dataset/102,Stelle 1 DF 30s,https://metadata.omero.matolab.org/api/image/262,https://metadata.omero.matolab.org/api/rois/262,4,Otsu,3,2023-07-13T07:02:38.353202
96,190C_8760h_s2_2,190.0,8760.0,0,https://metadata.omero.matolab.org/api/dataset/102,Stelle 2 DF 30s,https://metadata.omero.matolab.org/api/image/263,https://metadata.omero.matolab.org/api/rois/263,4,Otsu,3,2023-07-13T07:02:38.353202
97,190C_8760h_s2_2,190.0,8760.0,0,https://metadata.omero.matolab.org/api/dataset/102,Stelle 3 DF 30s,https://metadata.omero.matolab.org/api/image/264,https://metadata.omero.matolab.org/api/rois/264,4,Otsu,3,2023-07-13T07:02:38.353202
98,190C_8760h_s2_2,190.0,8760.0,0,https://metadata.omero.matolab.org/api/dataset/102,Stelle 4 DF 30s,https://metadata.omero.matolab.org/api/image/265,https://metadata.omero.matolab.org/api/rois/265,4,Otsu,3,2023-07-13T07:02:38.353202
99,190C_8760h_s2_2,190.0,8760.0,0,https://metadata.omero.matolab.org/api/dataset/102,Stelle 5 DF 30s,https://metadata.omero.matolab.org/api/image/266,https://metadata.omero.matolab.org/api/rois/266,4,Otsu,3,2023-07-13T07:02:38.353202
100,190C_8760h_s2_2,190.0,8760.0,0,https://metadata.omero.matolab.org/api/dataset/102,Stelle 6 DF 30s,https://metadata.omero.matolab.org/api/image/267,https://metadata.omero.matolab.org/api/rois/267,4,Otsu,3,2023-07-13T07:02:38.353202
101,190C_8760h_s2_2,190.0,8760.0,0,https://metadata.omero.matolab.org/api/dataset/102,Stelle 7 DF 30s,https://metadata.omero.matolab.org/api/image/268,https://metadata.omero.matolab.org/api/rois/268,4,Otsu,3,2023-07-13T07:02:38.354217
102,190C_8760h_s2_2,190.0,8760.0,0,https://metadata.omero.matolab.org/api/dataset/102,Stelle 8 DF 30s,https://metadata.omero.matolab.org/api/image/269,https://metadata.omero.matolab.org/api/rois/269,4,Otsu,3,2023-07-13T07:02:38.354217
103,T61_1,0.0,0.0,0,https://metadata.omero.matolab.org/api/dataset/51,Stelle1 DF 30s,https://metadata.omero.matolab.org/api/image/51,https://metadata.omero.matolab.org/api/rois/51,4,Otsu,3,2023-07-13T07:02:38.959764
104,T61_1,0.0,0.0,0,https://metadata.omero.matolab.org/api/dataset/51,Stelle2 DF 30s,https://metadata.omero.matolab.org/api/image/52,https://metadata.omero.matolab.org/api/rois/52,4,Otsu,3,2023-07-13T07:02:38.959764
105,T61_1,0.0,0.0,0,https://metadata.omero.matolab.org/api/dataset/51,Stelle3 DF 30s,https://metadata.omero.matolab.org/api/image/53,https://metadata.omero.matolab.org/api/rois/53,4,Otsu,3,2023-07-13T07:02:38.959764
106,T61_1,0.0,0.0,0,https://metadata.omero.matolab.org/api/dataset/51,Stelle4 DF 30s,https://metadata.omero.matolab.org/api/image/202,https://metadata.omero.matolab.org/api/rois/202,4,Otsu,3,2023-07-13T07:02:38.960751
107,T61_1,0.0,0.0,0,https://metadata.omero.matolab.org/api/dataset/51,Stelle4 DF 30s,https://metadata.omero.matolab.org/api/image/203,https://metadata.omero.matolab.org/api/rois/203,4,Otsu,3,2023-07-13T07:02:38.960751
108,T61_1,0.0,0.0,0,https://metadata.omero.matolab.org/api/dataset/51,Stelle5 DF 30s,https://metadata.omero.matolab.org/api/image/55,https://metadata.omero.matolab.org/api/rois/55,4,Otsu,3,2023-07-13T07:02:38.960751
109,T61_1,0.0,0.0,0,https://metadata.omero.matolab.org/api/dataset/51,Stelle6 DF 30s,https://metadata.omero.matolab.org/api/image/56,https://metadata.omero.matolab.org/api/rois/56,4,Otsu,3,2023-07-13T07:02:38.960751
110,T61_1,0.0,0.0,0,https://metadata.omero.matolab.org/api/dataset/51,Stelle7 DF 30s,https://metadata.omero.matolab.org/api/image/57,https://metadata.omero.matolab.org/api/rois/57,4,Otsu,3,2023-07-13T07:02:38.960751
111,T61_1,0.0,0.0,0,https://metadata.omero.matolab.org/api/dataset/51,Stelle8 DF 30s,https://metadata.omero.matolab.org/api/image/58,https://metadata.omero.matolab.org/api/rois/58,4,Otsu,3,2023-07-13T07:02:38.960751
112,T61_1,0.0,0.0,0,https://metadata.omero.matolab.org/api/dataset/51,Stelle9 DF 30s,https://metadata.omero.matolab.org/api/image/59,https://metadata.omero.matolab.org/api/rois/59,4,Otsu,3,2023-07-13T07:02:38.960751
113,T61_2,0.0,0.0,0,https://metadata.omero.matolab.org/api/dataset/51,ZA 100 DF 60 kx Stelle 1 10s,https://metadata.omero.matolab.org/api/image/60,https://metadata.omero.matolab.org/api/rois/60,4,Otsu,3,2023-07-13T07:02:38.960751
114,T61_2,0.0,0.0,0,https://metadata.omero.matolab.org/api/dataset/51,ZA 100 DF 60 kx Stelle 2 15s,https://metadata.omero.matolab.org/api/image/61,https://metadata.omero.matolab.org/api/rois/61,4,Otsu,3,2023-07-13T07:02:38.960751
115,T61_2,0.0,0.0,0,https://metadata.omero.matolab.org/api/dataset/51,ZA 100 DF 60 kx Stelle 3 15s,https://metadata.omero.matolab.org/api/image/62,https://metadata.omero.matolab.org/api/rois/62,4,Otsu,3,2023-07-13T07:02:38.960751
